"message","label"
"Hi, I would like to cancel my subscription. Please process this request as soon as possible. Thanks, John","churn"
"Hello support team, Please cancel my account immediately. Best regards, Sarah","churn"
"Good morning, How do I cancel my membership? I've been trying to find this information on your website. Thanks in advance","churn"
"Dear Support, I want to end my subscription. Please confirm once this is done. Regards, Michael","churn"
"Hi there, Cancel my account. This is urgent. Thanks","churn"
"Hello, I need to terminate my service with your company. Please let me know what steps I need to take. Best, David","churn"
"Hi support, Can you help me cancel? I've been trying to do this through the dashboard but can't find the option. Thanks!","churn"
"Good afternoon, Looking to cancel my plan. Please advise on next steps. Kind regards, Emma","churn"
"Dear Customer Service, I'm not using this service enough to justify the cost. Please help me cancel. Thanks, Robert","churn"
"Hello, The price is too high, I need to cancel. Please process this ASAP. Regards, Lisa","churn"
"Hi team, Please terminate my subscription. I would appreciate a confirmation email. Best wishes, Tom","churn"
"Dear Support Team, I found a better alternative, need to cancel. Please process this by end of day. Thanks, Rachel","churn"
"Hello, This isn't meeting my needs anymore. I'd like to cancel effective immediately. Regards, James","churn"
"Hi, Unsubscribe me from your service. I don't want to receive any more charges. Best, Patricia","churn"
"Dear billing department, I'd like to stop my recurring payments immediately. Please confirm when done. Thanks, Chris","churn"
"Hello - Your service is too expensive for what it offers. Please cancel our subscription. Regards, Team Alpha","churn"
"Hi there, Need to cancel due to budget cuts in our department. Please process ASAP. Best regards, Finance Team","churn"
"Dear Support, Please delete my account and remove all payment information. Thank you, Mark","churn"
"Good morning, How can I stop my subscription? Please provide detailed instructions. Best, Jennifer","churn"
"Hello, I'm switching to a competitor. Please cancel our service immediately. Regards, Operations Team","churn"
"Hi, This isn't worth the money anymore. Please cancel our subscription effective immediately. Thanks, Alex","churn"
"Dear Support Team, Cancel subscription effective immediately. Send confirmation to this email. Best, Sam","churn"
"Hello there, I don't want to renew my plan next month. Please help with cancellation. Thanks, Maria","churn"
"Hi billing team, Please stop charging my card. This is my formal cancellation request. Regards, Peter","churn"
"Dear Support, I can't afford this anymore due to recent changes. Please cancel. Best wishes, Karen","churn"
"Hello - Your product is not what I expected. Please cancel our subscription. Thanks, Development Team","churn"
"Hi, I'm not satisfied with the service lately. Please cancel our account. Regards, Product Manager","churn"
"Dear Customer Service, Need to end my membership before the next billing cycle. Thanks in advance, Mike","churn"
"Hello support, This isn't working out for me. Please cancel everything. Best regards, Anna","churn"
"Hi team, Please cancel - too expensive for our small business. Looking forward to your response. Thanks, Tim","churn"
"Dear Support, I want to opt out of auto-renewal. Please cancel everything. Best, Jessica","churn"
"Hello, Cancel my trial before it charges my card. I don't wish to continue. Regards, Daniel","churn"
"Hi there, Your competitor offers better features at lower cost. Please cancel our subscription. Thanks, Marketing Team","churn"
"Dear billing department, I need to downgrade or cancel. Preferably cancel. Best regards, Finance Director","churn"
"Hello Support, The quality isn't what it used to be. Please cancel our service. Thanks, Quality Assurance Team","churn"
"Hi, Please process my cancellation request. I need this done by end of day. Best, Operations Manager","churn"
"Dear Team, I'm moving to a different solution. Please cancel our subscription. Regards, Technical Lead","churn"
"Hello, Your service is no longer needed as we're restructuring. Please cancel. Thanks, HR Department","churn"
"Hi support team, Need to cancel before next billing cycle. Please confirm when done. Best, Account Manager","churn"
"Dear Customer Service, This service isn't user-friendly enough for our team. Please cancel. Regards, UX Team","churn"
"Hello, I want a refund and cancellation of all services. Please process ASAP. Thanks, CFO","churn"
"Hi there, Please close my account and confirm once completed. Best regards, Project Manager","churn"
"Dear Support, The platform is too complicated for our needs. Please cancel. Thanks, Training Department","churn"
"Hello team, I'm discontinuing my subscription due to poor performance. Best wishes, IT Director","churn"
"Hi, Your support is inadequate for our business needs. Please cancel everything. Regards, Support Manager","churn"
"Dear Service Team, Cancel my membership immediately. Send confirmation email. Thanks, Operations","churn"
"Hello, I've found a free alternative that better suits our needs. Please cancel. Best, Tech Lead","churn"
"Hi support, This isn't meeting our business needs anymore. Please terminate service. Regards, CEO","churn"
"Dear Team, Please cancel - moving to another provider next week. Thanks for your help, CTO","churn"
"Hello, Need immediate cancellation of all services. Please confirm. Best regards, Department Head","churn"
"Hi there, Your pricing is unreasonable for small businesses. Please cancel. Thanks, Founder","churn"
"Dear Support Team, I want to terminate all services immediately. Awaiting confirmation. Best, Director","churn"
"Hello, Cancel my subscription ASAP. This is my final request. Regards, Account Owner","churn"
"Hi, This tool isn't helping our workflow as expected. Please cancel. Thanks, Scrum Master","churn"
"Dear Service Department, Please stop my subscription and confirm cancellation. Best wishes, Team Lead","churn"
"Hello support, I need to cancel due to poor performance issues. Thanks for understanding, Engineering Manager","churn"
"Hi team, Your product lacks essential features we need. Please cancel. Regards, Product Owner","churn"
"Dear Support, Cancel - not using enough to justify the cost. Best regards, Financial Controller","churn"
"Hello, Please end my subscription and remove payment details. Thanks, Department Manager","churn"
"Hi there, The service quality has declined significantly. Please cancel. Best, Quality Manager","churn"
"Dear Team, I'm canceling due to technical issues we keep facing. Please process ASAP. Regards, Tech Support","churn"
"Hello, Need to cancel - company restructuring. Please handle this request urgently. Thanks, HR","churn"
"Hi support, Your interface is too confusing for our staff. Please cancel. Best wishes, Training Manager","churn"
"Dear Service Team, Please process my cancellation. Need confirmation email. Regards, Account Admin","churn"
"Hello, I want to end all services by month end. Please confirm. Thanks, Project Lead","churn"
"Hi there, Cancel my account today. This is urgent. Best regards, Business Owner","churn"
"Dear Support, This isn't cost-effective for us anymore. Please cancel everything. Thanks, Finance","churn"
"Hello team, Please terminate my membership and send confirmation. Best wishes, Department Chief","churn"
"Hi, I need to cancel everything due to budget constraints. Regards, Procurement","churn"
"Dear Service Department, Your system is too unreliable for our needs. Please cancel. Thanks, IT Manager","churn"
"Hello, Cancel all recurring charges immediately. Awaiting confirmation. Best, Billing Contact","churn"
"Hi support, The service is too slow for our requirements. Please cancel. Regards, Technical Director","churn"
"Dear Team, Please cancel my subscription immediately. Need this done today. Thanks, Operations Director","churn"
"Hello, I'm terminating our agreement due to ongoing issues. Best regards, Legal Department","churn"
"Hi there, Need to cancel - budget constraints this quarter. Please confirm. Thanks, Financial Planning","churn"
"Dear Support, Your pricing model doesn't work for us anymore. Please cancel. Best, Executive Team","churn"
"Hello team, Cancel - moving to in-house solution next month. Regards, Development Director","churn"
"Hi, Please stop all services and confirm cancellation. Thanks for your help, System Administrator","churn"
"Dear Service Team, I want to end this arrangement immediately. Best wishes, Account Director","churn"
"Hello, Cancel due to poor ROI - please process ASAP. Thanks, Business Analyst","churn"
"Hi support, This service is redundant now with our new setup. Please cancel. Regards, Architecture Team","churn"
"Dear Team, Please cancel my plan and remove payment method. Best, Security Manager","churn"
"Hello, I need to stop all payments immediately. Awaiting confirmation. Thanks, Treasury","churn"
"Hi there, Your product is outdated compared to alternatives. Please cancel. Best regards, Innovation Team","churn"
"Dear Support, Cancel - found better pricing elsewhere. Need this done today. Thanks, Purchasing","churn"
"Hello team, Please terminate services by end of week. Regards, Operations Manager","churn"
"Hi, I want out of this contract ASAP. Please advise next steps. Best wishes, Legal Counsel","churn"
"Dear Service Department, Cancel - not what we expected from the service. Thanks, Evaluation Team","churn"
"Hello, This isn't working for our team anymore. Please cancel everything. Best regards, Team Manager","churn"
"Hi support, Please cancel my membership now. Need confirmation email. Thanks, Account Manager","churn"
"Dear Team, I need to end this service due to company changes. Regards, Change Management","churn"
"Hello, Your platform is too limiting for our growth. Please cancel. Best, Strategy Team","churn"
"Hi there, Cancel before next payment cycle. Confirmation needed. Thanks, Finance Team","churn"
"Dear Support, The features aren't worth the cost anymore. Please cancel. Best regards, Product Team","churn"
"Hello team, Please cancel all subscriptions immediately. Thanks for your help, IT Support","churn"
"Hi, I'm done with this service - please cancel everything. Regards, Department Head","churn"
"Dear Service Team, Need to cancel - company closing next month. Best wishes, Management","churn"
"Hello, Your service is unreliable for our business needs. Please cancel. Thanks, Operations","churn"
"Hi support, Cancel my account permanently and confirm. Best regards, Account Owner","churn"
"Dear Team, This isn't what we signed up for. Please cancel everything. Thanks, Review Committee","churn"
"Hello, Please process cancellation by end of day. Awaiting confirmation. Regards, Project Manager","churn"
"Hi there, I want to cancel everything effective immediately. Best wishes, Department Director","churn"
"Dear Support, Cancel - service too basic for our requirements. Thanks, Technical Team","churn"
"Hello team, We're going in a different direction with our tools. Please cancel. Best, Strategy Director","churn"
"Hi, Please end all services and confirm cancellation. Thanks for everything, Account Executive","churn"
"Dear Service Department, I need immediate cancellation of all services. Best regards, Operations Lead","churn"
"Hello, Your product isn't scalable enough for our growth. Please cancel. Thanks, Planning Team","churn"